{"mean": [5.5337481125, 138.3437028125, 3.0413837499999996, 24.589625, 6.0, 10.0, 1.5, 22668.75, 7.73125, 28.4875, 39.8375, -11.35, 27.04125, 49.684999999999995], "scale": [4.125805756511145, 103.14514391277862, 3.2428303421798197, 1.2174886485610448, 1.0, 1.0, 2.598076211353316, 15253.061936460495, 3.332551340564763, 4.533193548702725, 4.103180930692674, 8.628586210961794, 4.316615970583902, 1.518889396894981], "coef": [1.6594100523909536, 1.6594100523909738, 3.524579318461323, -1.1360715017204475, 0.0, 0.0, 2.703462036576444, 0.5955227674661583, -1.976459491195061, 0.09333990138961402, 0.8222969823171616, -0.34199176855248825, -1.6137356696369827, 1.4117183876971868], "intercept": 43.012499999999996}